,mu,sigma,exp(mu)
theta,-1.32617141,0.19484903,0.26549177714102673
Lambda,0.41613512,0.71492692,1.5160907092078724
tau,-1.37750916,0.17975801,0.2522059760636248
alpha,-0.24550931,0.08284753,0.7823060004917419
gamma,-0.13804112,0.67868274,0.8710628729040342
error,,1.9222773,
