subject,theta,Lambda,alpha,tau,beta,gamma,error
f9a528a4-cd95-47cd-af5d-fd7488fa2f5f,0.3020945137295771,1.793311576781759,0.9637203166424926,0.15952357098934372,0.88,0.702939014168587,-1.2254223600950054
8374ce52-07eb-4861-a570-7d92355dbb9a,0.3020945198876457,1.7933115375901034,0.9636663280992771,0.15822037640536715,0.88,0.6951527932365692,-1.2221346473674828
13785ad5-8555-462f-9207-e9038cd838a2,0.30209451136343946,1.7933115849016636,0.9639195804864658,0.13737552846828582,0.88,0.6346888666886976,-0.4629213720686294
781f10e6-4241-46bb-a233-43d993723633,0.32071428571404326,1.7857965724913343,0.964469654127904,0.12321285292542608,0.88,0.43075376876325244,0.05657415779572908
bf5cdead-3fa0-468a-86a6-f29b1c4d0665,0.3016666666668561,1.793178473192644,0.9635767933330373,0.14326227748100462,0.88,0.7308256416352144,0.0011021675172531284
2fbb0673-a652-4c22-9d56-67076478a32e,0.3009999999999966,1.794393498244563,0.9635936709055559,0.13354819890299363,0.88,0.6439444611746884,-0.001201717228389873
07bbb566-d0e4-4582-ab6a-28d93e7ab47f,0.30166666666648845,1.793211020757071,0.9641397796156688,0.1305058782692775,0.88,0.5763435530783553,0.0044391512559581615
2f1c79ff-1730-45f9-a0c7-04d071d4d3b1,0.3007142857142797,1.7933113285123305,0.9638518249109915,0.1499249689504083,0.88,0.6880769908015907,-0.9535648564544414
