subject,theta,Lambda,alpha,tau,beta,gamma,error
f9a528a4-cd95-47cd-af5d-fd7488fa2f5f,0.3021428571428947,1.7933102938594734,0.9636175373238874,0.15899841130356673,0.88,0.7178475581715604,-1.2462373466988628
8374ce52-07eb-4861-a570-7d92355dbb9a,0.30209451639350066,1.7933116337744734,0.9635779047268616,0.15806135824710987,0.88,0.7116753280454129,-1.2435457141250317
13785ad5-8555-462f-9207-e9038cd838a2,0.3031250000000073,1.7874426534363592,0.9640243923086056,0.13609815249097335,0.88,0.691552176440989,-0.00039949574214500076
781f10e6-4241-46bb-a233-43d993723633,0.30187499999966505,1.793318439971234,0.9643243693020904,0.15101155996493468,0.88,0.444598155590961,1.5294480231997056
bf5cdead-3fa0-468a-86a6-f29b1c4d0665,0.30312500000002884,1.7933389674508486,0.9633982737213103,0.14087506905875555,0.88,0.7183861559362532,0.0006348683447904252
2fbb0673-a652-4c22-9d56-67076478a32e,0.302142857143497,1.7933349338214284,0.9637712401853665,0.13509011671073198,0.88,0.6142887037809242,-0.5920968075437971
07bbb566-d0e4-4582-ab6a-28d93e7ab47f,0.30166666666664044,1.7929560147759593,0.9641311053772519,0.13056075744738155,0.88,0.618924618454898,0.005708124822415141
2f1c79ff-1730-45f9-a0c7-04d071d4d3b1,0.30209451211587945,1.793311559018611,0.9637436338237871,0.14883375797291762,0.88,0.6987040426474136,-0.9709100528472128
